{
  "disclosure_penalties": {
    "none": {
      "penalty_mean": -0.1,
      "penalty_std": 0.32489314482696546,
      "t_statistic": -3.0625067132042427,
      "p_value": 0.0028266968243814486,
      "cohens_d": -0.3062506713204243,
      "ci_95": [
        -0.1666666666666666,
        -0.03991666666666672
      ],
      "n_pairs": 100,
      "control_mean": 3.123333333333333,
      "disclosure_mean": 3.023333333333334
    },
    "fairness": {
      "penalty_mean": -0.09666666666666668,
      "penalty_std": 0.35053926709824934,
      "t_statistic": -2.743832943923758,
      "p_value": 0.007210540890253037,
      "cohens_d": -0.2743832943923758,
      "ci_95": [
        -0.16333333333333333,
        -0.026583333333333393
      ],
      "n_pairs": 100,
      "control_mean": 3.1366666666666663,
      "disclosure_mean": 3.04
    },
    "evidence_first": {
      "penalty_mean": -0.09615384615384615,
      "penalty_std": 0.49751464263497247,
      "t_statistic": -1.6959231013625453,
      "p_value": 0.09394036153360419,
      "cohens_d": -0.19202547793480873,
      "ci_95": [
        -0.21367521367521364,
        0.014957264957264961
      ],
      "n_pairs": 78,
      "control_mean": 2.9658119658119655,
      "disclosure_mean": 2.8696581196581192
    },
    "blind": {
      "penalty_mean": 0.016666666666666653,
      "penalty_std": 0.1848422751068236,
      "t_statistic": 0.8971499589146099,
      "p_value": 0.3718154333080955,
      "cohens_d": 0.08971499589146101,
      "ci_95": [
        -0.016666666666666677,
        0.05666666666666664
      ],
      "n_pairs": 100,
      "control_mean": 3.1200000000000006,
      "disclosure_mean": 3.1366666666666667
    }
  },
  "demographic_penalties": {
    "none": {
      "penalty_mean": -0.016666666666666677,
      "penalty_std": 0.3104656001699526,
      "t_statistic": -0.5341372423450201,
      "p_value": 0.5944439974997447,
      "cohens_d": -0.05341372423450201,
      "ci_95": [
        -0.07666666666666667,
        0.039999999999999994
      ],
      "n_pairs": 100,
      "control_mean": 3.123333333333333,
      "demographic_mean": 3.106666666666667
    },
    "fairness": {
      "penalty_mean": 0.013333333333333343,
      "penalty_std": 0.3587633079219656,
      "t_statistic": 0.3697841687954109,
      "p_value": 0.7123331588163602,
      "cohens_d": 0.03697841687954109,
      "ci_95": [
        -0.05666666666666668,
        0.08333333333333331
      ],
      "n_pairs": 100,
      "control_mean": 3.1366666666666663,
      "demographic_mean": 3.1499999999999995
    },
    "evidence_first": {
      "penalty_mean": 0.0765765765765766,
      "penalty_std": 0.5433112174167424,
      "t_statistic": 1.2042279564642457,
      "p_value": 0.23239154066343506,
      "cohens_d": 0.13998865644826336,
      "ci_95": [
        -0.0383445945945946,
        0.20945945945945946
      ],
      "n_pairs": 74,
      "control_mean": 2.869369369369369,
      "demographic_mean": 2.945945945945946
    },
    "blind": {
      "penalty_mean": -0.03666666666666668,
      "penalty_std": 0.23520676483090835,
      "t_statistic": -1.5510979337748718,
      "p_value": 0.1240692447400484,
      "cohens_d": -0.15510979337748718,
      "ci_95": [
        -0.08333333333333336,
        0.006666666666666663
      ],
      "n_pairs": 100,
      "control_mean": 3.1200000000000006,
      "demographic_mean": 3.083333333333334
    }
  },
  "interaction_effects": {
    "none": {
      "interaction_mean": 0.08000000000000002,
      "interaction_std": 0.419311605160437,
      "t_statistic": 1.8983255886293309,
      "p_value": 0.06056574858018421,
      "cohens_d": 0.1898325588629331,
      "n": 100,
      "cell_means": {
        "control": 3.123333333333333,
        "disclosure_only": 3.023333333333334,
        "demographic_only": 3.106666666666667,
        "both": 3.086666666666667
      }
    },
    "fairness": {
      "interaction_mean": 0.06333333333333334,
      "interaction_std": 0.47771446608943213,
      "t_statistic": 1.3191116344581346,
      "p_value": 0.19017473731491688,
      "cohens_d": 0.13191116344581347,
      "n": 100,
      "cell_means": {
        "control": 3.1366666666666667,
        "disclosure_only": 3.0399999999999996,
        "demographic_only": 3.1499999999999995,
        "both": 3.1166666666666663
      }
    },
    "evidence_first": {
      "interaction_mean": -0.04301075268817205,
      "interaction_std": 0.6141517184032891,
      "t_statistic": -0.5469735037405018,
      "p_value": 0.5863924407920614,
      "cohens_d": -0.0694657044407829,
      "n": 62,
      "cell_means": {
        "control": 2.7956989247311834,
        "disclosure_only": 2.7069892473118276,
        "demographic_only": 2.8360215053763445,
        "both": 2.704301075268817
      }
    },
    "blind": {
      "interaction_mean": 0.003333333333333335,
      "interaction_std": 0.2768673970614011,
      "t_statistic": 0.11979109225416927,
      "p_value": 0.9048914001871026,
      "cohens_d": 0.011979109225416928,
      "n": 100,
      "cell_means": {
        "control": 3.12,
        "disclosure_only": 3.1366666666666663,
        "demographic_only": 3.083333333333334,
        "both": 3.103333333333333
      }
    }
  }
}